duration(s),power_consumption(kWh),CO2_emissions(kg),co2_scaled,kwh_scaled
274002.54778027534,37.22248474465088,2.0534155934234093,35.81842369118651,15.549771574204009
