duration(s),power_consumption(kWh),CO2_emissions(kg),co2_scaled,kwh_scaled
218281.98717832565,33.362490902592306,1.840475173132407,39.84243695607626,18.860044578551367
