duration(s),power_consumption(kWh),CO2_emissions(kg),co2_scaled,kwh_scaled
275818.59667134285,40.55566382155229,2.237293750379753,32.67215907434229,13.162698984944734
