duration(s),power_consumption(kWh),CO2_emissions(kg),co2_scaled,kwh_scaled
169553.32606363297,23.050756371635078,1.2716180259976204,52.950693699415844,31.583422149326086
