duration(s),power_consumption(kWh),CO2_emissions(kg),co2_scaled,kwh_scaled
169566.96032571793,23.0075750824852,1.2692358870003781,53.01379922968782,31.651686460540567
