duration(s),power_consumption(kWh),CO2_emissions(kg),co2_scaled,kwh_scaled
90266.3154900074,14.119461507943752,0.7789142135472248,67.74245438827879,49.362800321284304
