duration(s),power_consumption(kWh),CO2_emissions(kg),co2_scaled,kwh_scaled
89658.01307415962,11.352682743346596,0.6262820962194583,73.11467784245836,56.686497827451475
