duration(s),power_consumption(kWh),CO2_emissions(kg),co2_scaled,kwh_scaled
90052.21251702309,13.048967582206751,0.7198593456400176,69.77253934049537,52.076917422776425
